Name,Strings,Size,Start Addrs,Notes,
hl_0_00006C.cndy,20,128,0xF0,,
hl_1_00071C.cndy,3,36,0x40,,
hl_2_1AFC84.cndy,3,48,0x4C,,
hl_3_1B0FE0.cndy,3,36,0x40,,
hl_4_28C2E8.cndy,3,48,0x4C,,
hl_5_28CC44.cndy,67,1212,0x618,error,My Room
hl_6_49B644.cndy,10,224,0x120,,
hl_7_49CB90.cndy,3,36,0x40,,
hl_8_5D0F1C.cndy,38,520,0x2D4,error,
hl_9_5D815C.cndy,3,36,0x40,,
hl_10_913CB0.cndy,26,520,0x298,error,
hl_11_918530.cndy,3,36,0x40,,
hl_12_B57508.cndy,70,1304,0x684,error,
hl_13_B61AF0.cndy,3,36,0x40,,
hl_14_CE6B0C.cndy,2,24,0x30,,
hl_15_CE6C24.cndy,78,1308,0x6B0,error,
hl_16_E85034.cndy,54,880,0x48C,error,
hl_17_E8D560.cndy,3,36,0x40,,
hl_18_10AF848.cndy,28,384,0x218,,
hl_19_10B3520.cndy,32,432,0x25C,error,
hl_20_11DD4DC.cndy,12,176,0xF8,,
hl_22_12DECD8.cndy,6,88,0x84,,
hl_23_12DF3FC.cndy,38,756,0x3C0,,
hl_24_14114B8.cndy,13,176,0x100,,
hl_25_1411AE4.cndy,7,100,0x94,,
hl_26_150F358.cndy,19,328,0x1B4,,
hl_27_1511F10.cndy,6,80,0x7C,,
hl_28_162BA68.cndy,26,460,0x25C,,
hl_29_162E868.cndy,20,268,0x17C,error,
hl_30_177CB1C.cndy,24,412,0x220,error,
hl_31_177F214.cndy,43,900,0x468,error,
hl_32_1960648.cndy,55,864,0x480,error,
hl_33_1963D34.cndy,42,660,0x374,,
hl_34_1B3D090.cndy,42,640,0x360,,
hl_35_1B3FDE4.cndy,3,36,0x40,,
hl_37_1D09A68.cndy,36,568,0x2F8,,
hl_38_1E86B2C.cndy,2,24,0x30,,
hl_39_1E86C44.cndy,32,496,0x29C,,
hl_40_1F57A30.cndy,2,24,0x30,,
hl_41_1F57B48.cndy,26,488,0x278,,
hl_42_1FFAD48.cndy,45,652,0x37C,,
hl_43_1FFD6B4.cndy,3,36,0x40,,
hl_44_22389E8.cndy,2,32,0x38,,
hl_45_2238D4C.cndy,24,324,0x1C8,,
hl_46_2379464.cndy,25,340,0x1E0,,
hl_47_237A4B8.cndy,24,324,0x1C8,,
hl_48_24FA688.cndy,18,252,0x164,,
hl_49_24FBA7C.cndy,31,432,0x258,,
hl_50_25AF9D0.cndy,15,228,0x13C,error,
hl_51_25B1CE4.cndy,29,352,0x200,,
hl_52_2655388.cndy,45,628,0x364,,
hl_53_2656DFC.cndy,43,600,0x33C,,
hl_54_2842FA4.cndy,23,316,0x1BC,,
hl_55_2843D98.cndy,63,904,0x4D0,,
hl_56_2AF2CE0.cndy,70,1140,0x5E0,,
hl_57_2AF7EA0.cndy,48,656,0x38C,,
hl_58_2D780E0.cndy,15,296,0x180,,
hl_59_2D7A3D4.cndy,28,356,0x1FC,error,
hl_60_2EE10C4.cndy,43,668,0x380,error,
hl_61_2EE4550.cndy,44,812,0x414,,
hl_62_31B95A4.cndy,35,484,0x2A0,,
hl_63_31BAB04.cndy,64,980,0x520,,
hl_64_32F3EA4.cndy,34,480,0x298,,
hl_65_32F529C.cndy,62,960,0x504,,
hl_66_34E2230.cndy,65,972,0x520,,
hl_67_34E4904.cndy,75,1156,0x608,,
hl_68_374D4C8.cndy,23,396,0x20C,,
hl_69_374F1D0.cndy,50,908,0x494,,
hl_70_3959AB4.cndy,2,24,0x30,,
hl_71_3959BCC.cndy,127,1896,0x9F0,,
hl_72_3C03D48.cndy,2,24,0x30,,
hl_73_3C03E60.cndy,96,1424,0x77C,,
hl_74_3ECFCC8.cndy,108,1432,0x7C0,error,
hl_75_3EDF1D8.cndy,3,36,0x40,,
hl_76_40831D4.cndy,2,24,0x30,,
hl_77_40832EC.cndy,168,2600,0xD7C,error,
hl_78_42574CC.cndy,25,316,0x1C8,,
hl_79_4259960.cndy,22,288,0x19C,error,
hl_80_4340EEC.cndy,7,68,0x74,,
hl_82_440542C.cndy,20,252,0x16C,,
hl_83_44076DC.cndy,28,364,0x204,,
hl_84_4502CCC.cndy,7,80,0x80,,
hl_85_4504588.cndy,21,300,0x1A4,error,
hl_86_45F3F54.cndy,26,516,0x294,error,
hl_87_45F9318.cndy,21,340,0x1CC,,
hl_88_46D339C.cndy,8,136,0xBC,,
hl_89_46D459C.cndy,8,116,0xA8,,
hl_90_47E0170.cndy,14,252,0x150,,
hl_91_47E1EDC.cndy,9,124,0xB8,,
hl_92_48BA07C.cndy,18,176,0x118,,
hl_93_48BC144.cndy,7,88,0x88,,
hl_94_49B6FF0.cndy,4,36,0x44,,
hl_95_49B780C.cndy,11,140,0xD0,,
hl_96_4B29930.cndy,14,244,0x148,error,
hl_97_4B2C4D0.cndy,9,116,0xB0,,
hl_98_4C18D3C.cndy,61,1012,0x534,,
hl_100_4DD7260.cndy,4,64,0x60,,
hl_102_4EC562C.cndy,9,188,0xF8,,
hl_104_500BA18.cndy,37,532,0x2DC,,
hl_105_500D178.cndy,27,392,0x21C,,
hl_106_513CFB4.cndy,2,24,0x30,,
hl_107_513D0CC.cndy,42,664,0x378,,
hl_109_5285AEC.cndy,6,72,0x74,,
hl_110_52D8494.cndy,37,532,0x2DC,,
hl_111_52D9E38.cndy,27,392,0x21C,,
hl_112_53CA4D8.cndy,28,440,0x250,,
hl_113_53CCAC8.cndy,35,488,0x2A4,error,
hl_114_552958C.cndy,25,412,0x228,error,
hl_115_552BFE0.cndy,47,788,0x40C,,
hl_116_56228D4.cndy,102,1820,0x88F8,error,
hl_117_56335E8.cndy,3,36,0x40,,
hl_118_58B2A10.cndy,2,24,0x30,,
hl_119_58B2B28.cndy,124,1744,0x948,error,
hl_120_5AC06E0.cndy,30,532,0x2B8,,
hl_121_5AC4C58.cndy,6,80,0x7C,,
hl_122_5B7001C.cndy,4,48,0x50,,
hl_123_5B70AC8.cndy,6,72,0x74,,
hl_124_5C29E74.cndy,22,280,0x194,,
hl_125_5C2C094.cndy,29,376,0x218,,
hl_126_5CE43BC.cndy,4,48,0x50,,
hl_127_5CE4D6C.cndy,18,292,0x18C,,
hl_128_5DA62B8.cndy,14,200,0x11C,,
hl_129_5DA700C.cndy,20,268,0x17C,error,
hl_131_5E564B0.cndy,6,80,0x7C,,
hl_132_5EF3428.cndy,7,100,0x94,,
hl_133_5EF419C.cndy,4,56,0x58,,
hl_136_604ADE4.cndy,34,568,0x2F0,,
hl_137_604C8B8.cndy,9,100,0xA0,,
hl_140_6354D90.cndy,44,632,0x360,,
hl_141_63570F4.cndy,47,676,0x39C,,
hl_142_6413E0C.cndy,44,632,0x360,,
hl_143_64163A4.cndy,47,676,0x39C,,
hl_144_65130FC.cndy,44,632,0x360,,
hl_145_6515758.cndy,83,1332,0x6E0,,
hl_146_66AC038.cndy,46,708,0x3B8,error,
hl_147_66AE5C8.cndy,127,2052,0xA8C,,
hl_148_6819E60.cndy,2,24,0x30,,
hl_149_6819F78.cndy,49,744,0x3EC,error,
hl_150_699F884.cndy,2,24,0x30,,
hl_151_699F99C.cndy,48,732,0x3D8,error,
hl_152_6B319B0.cndy,2,24,0x30,,
hl_153_6B31AC8.cndy,54,820,0x450,error,
hl_154_6CF4AD8.cndy,2,24,0x30,,
hl_155_6CF4BF0.cndy,71,1256,0x658,error,
hl_156_6E41CC0.cndy,43,608,0x344,,
hl_157_6E439B8.cndy,52,884,0x484,,
hl_158_7065680.cndy,22,372,0x1F0,,
hl_159_7069EB8.cndy,41,872,0x444,,
hl_160_714E1A4.cndy,65,1132,0x5C0,error,
hl_161_715B79C.cndy,3,36,0x40,,
hl_162_7362358.cndy,2,24,0x30,,
hl_163_7362470.cndy,100,1532,0x7FC,error,
hl_164_75AB924.cndy,29,416,0x240,,
hl_165_75AE5E8.cndy,32,440,0x264,,
hl_166_76BAFD0.cndy,31,524,0x2B4,,
hl_167_76BEB38.cndy,20,256,0x170,,
hl_168_77BEBA4.cndy,11,168,0xEC,,
hl_169_77BF8F4.cndy,17,360,0x1CC,,
hl_170_78A57CC.cndy,24,512,0x284,,
hl_172_797AD44.cndy,10,172,0xEC,,
hl_173_797BB3C.cndy,7,76,0x7C,,
hl_174_7A485DC.cndy,9,152,0xD4,,
hl_175_7A49214.cndy,16,336,0x1AC,,
hl_176_7B09B28.cndy,42,584,0x328,,
hl_177_7B0B708.cndy,3,36,0x40,,
hl_178_7D3E53C.cndy,61,872,0x4A8,,
hl_179_7D41A20.cndy,3,36,0x40,,
hl_180_7F5E1E8.cndy,46,672,0x394,,
hl_181_7F5FEA4.cndy,3,36,0x40,,
hl_182_80B87F8.cndy,46,672,0x394,,
hl_183_80BA568.cndy,3,36,0x40,,
hl_184_82A8010.cndy,98,1448,0x7A0,,
hl_185_82B5D04.cndy,3,36,0x40,,
hl_186_8425134.cndy,2,24,0x30,,
hl_187_842524C.cndy,123,1828,0x998,error,
hl_188_860ACF8.cndy,79,1376,0x6F8,error,
hl_189_8616DAC.cndy,3,36,0x40,,
hl_190_888C708.cndy,2,24,0x30,,
hl_191_888C820.cndy,189,3236,0x1064,error,
hl_192_8AFB6DC.cndy,21,260,0x17C,,
hl_193_8AFD7B8.cndy,31,436,0x25C,error,
hl_194_8C37794.cndy,16,228,0x140,,
hl_195_8C38980.cndy,67,1244,0x638,error,
hl_196_8CD37A0.cndy,3,36,0x40,,
hl_197_8CD3F70.cndy,52,944,0x4C0,,
hl_198_8E10824.cndy,29,676,0x344,,
hl_200_8F39344.cndy,3,36,0x40,,
hl_201_8F39740.cndy,17,296,0x18C,,
hl_202_908B3BC.cndy,3,36,0x40,,
hl_203_908BC24.cndy,9,124,0xB8,,
hl_204_91BC02C.cndy,3,36,0x40,,
hl_205_91BCACC.cndy,7,108,0x9C,,
hl_206_92DF3F4.cndy,3,32,0x3C,,
hl_207_92DFC50.cndy,7,96,0x90,,
hl_208_943576C.cndy,3,36,0x40,,
hl_209_94360E0.cndy,50,836,0x44C,,
hl_210_964006C.cndy,71,1080,0x5A8,error,
hl_211_964C22C.cndy,95,1968,0x998,,
hl_212_9816D30.cndy,2,24,0x30,,
hl_213_9816E48.cndy,39,660,0x364,,
hl_214_9924868.cndy,47,772,0x3FC,,
hl_215_99274B0.cndy,118,2132,0xAB0,error,
hl_216_9C130B8.cndy,44,760,0x3E0,error,
hl_217_9C16298.cndy,110,1704,0x8DC,,
hl_218_9D93540.cndy,37,516,0x2CC,error,
hl_219_9D95924.cndy,93,1448,0x788,,
hl_220_9F3E904.cndy,25,480,0x26C,error,
hl_221_9F42068.cndy,31,560,0x2D8,,
hl_222_A1893B0.cndy,29,324,0x1E4,error,
hl_223_A18C860.cndy,3,36,0x40,,
hl_224_A33611C.cndy,6,112,0x9C,,
hl_225_A3365D8.cndy,3,36,0x40,,
hl_226_A3E9454.cndy,16,316,0x198,,
hl_227_A3EB80C.cndy,13,180,0x104,,
hl_229_A57C29C.cndy,3,32,0x3C,,
hl_230_A6165CC.cndy,41,872,0x444,error,
hl_231_A61D1EC.cndy,3,36,0x40,,
hl_232_A80CE84.cndy,10,108,0xAC,,
hl_233_A80DD40.cndy,3,36,0x40,,
hl_234_A9031DC.cndy,2,24,0x30,,
hl_235_A9032F4.cndy,193,2948,0xF58,,
hl_236_AAC5A3C.cndy,57,780,0x438,,
hl_237_AAC9084.cndy,3,36,0x40,,
hl_238_AC93A08.cndy,36,508,0x2BC,,
hl_239_AC958C8.cndy,121,2096,0xA9C,,
hl_240_ADE81DC.cndy,62,928,0x4E4,,
hl_241_ADEB484.cndy,33,448,0x274,,
hl_242_AEF0DF8.cndy,35,540,0x2D8,,
hl_243_AEF21B8.cndy,133,2360,0xBE0,error,
hl_244_B20FCE0.cndy,99,1452,0x7A8,,
hl_245_B213D38.cndy,141,2292,0xBC4,,
hl_246_B410024.cndy,100,1460,0x7B4,,
hl_247_B414160.cndy,130,2160,0xB08,,
hl_248_B6A8734.cndy,109,1580,0x85C,,
hl_249_B6ACC80.cndy,134,2136,0xB04,,
hl_250_B91F218.cndy,107,1540,0x828,,
hl_251_B9231D4.cndy,122,1776,0x960,,
hl_252_BAB6A28.cndy,28,524,0x2A4,error,
hl_253_BABADC0.cndy,55,924,0x4BC,error,
hl_254_BDF1BFC.cndy,2,24,0x30,,
hl_255_BDF1D14.cndy,17,216,0x13C,,
hl_256_BF3F154.cndy,40,556,0x300,,
hl_257_BF40A10.cndy,133,1932,0xA34,,
hl_258_C25200C.cndy,52,748,0x3FC,,
hl_259_C253D00.cndy,108,1640,0x890,,
hl_260_C4301E8.cndy,2,24,0x30,,
hl_261_C430300.cndy,31,432,0x258,,
hl_262_C5C1EB0.cndy,2,24,0x30,,
hl_263_C5C1FC8.cndy,57,812,0x458,,
hl_264_C7EFE70.cndy,2,24,0x30,,
hl_265_C7EFF88.cndy,53,728,0x3F0,,
hl_266_C97EFC8.cndy,2,24,0x30,,
hl_267_C97F0E0.cndy,215,3636,0x1274,error,
hl_268_CB55664.cndy,2,24,0x30,,
hl_269_CB5577C.cndy,176,2660,0xDE0,error,
hl_270_CDA5740.cndy,2,24,0x30,,
hl_271_CDA5858.cndy,49,868,0x468,,
hl_272_CF47888.cndy,2,24,0x30,,
hl_273_CF479A0.cndy,49,956,0x4C0,,
hl_274_CFAD874.cndy,2,24,0x30,,
hl_275_CFAD98C.cndy,43,652,0x370,error,
hl_276_D07F77C.cndy,2,24,0x30,,
hl_277_D07F894.cndy,147,2216,0xB94,error,
hl_278_D228010.cndy,2,24,0x30,,
hl_279_D228128.cndy,199,3012,0xFB4,error,
hl_280_D53C8A8.cndy,2,24,0x30,,
hl_281_D53C9C0.cndy,3,36,0x40,,
hl_282_D6C3DB8.cndy,2,24,0x30,,
hl_283_D6C3ED0.cndy,42,776,0x3E8,error,
hl_284_D857FC8.cndy,2,24,0x30,,
hl_285_D8580E0.cndy,51,720,0x3DC,,
hl_286_DA18668.cndy,2,24,0x30,,
hl_287_DA18780.cndy,59,800,0x454,,
hl_288_DCC7D30.cndy,2,24,0x30,,
hl_289_DCC7E48.cndy,88,1328,0x6F4,error,
hl_290_DF9C624.cndy,2,24,0x30,,
hl_291_DF9C73C.cndy,139,2452,0xC58,,
hl_292_E22D1E4.cndy,2,24,0x30,,
hl_293_E22D2FC.cndy,58,824,0x468,,
hl_294_E3C441C.cndy,2,24,0x30,,
hl_295_E3C4534.cndy,58,824,0x468,,
hl_296_E5F84F4.cndy,2,24,0x30,,
hl_297_E5F860C.cndy,85,1484,0x784,error,
hl_298_E8AA650.cndy,2,24,0x30,,
hl_299_E8AA768.cndy,95,1720,0x8A0,error,
hl_300_EB7BDC4.cndy,2,24,0x30,,
hl_301_EB7BEDC.cndy,60,1168,0x5C8,,
hl_302_ECE3B34.cndy,2,24,0x30,,
hl_303_ECE3C4C.cndy,103,1612,0x85C,error,
hl_304_EF274F8.cndy,2,24,0x30,,
hl_305_EF27610.cndy,51,700,0x3C8,error,
hl_306_F1ED238.cndy,2,24,0x30,,
hl_307_F1ED350.cndy,109,1568,0x850,error,
hl_308_F4CCE50.cndy,2,24,0x30,,
hl_309_F4CCF68.cndy,181,2812,0xE94,error,
hl_310_F73B368.cndy,2,24,0x30,,
hl_311_F73B480.cndy,78,1268,0x688,error,
hl_312_F85B8B4.cndy,2,24,0x30,,
hl_313_F85B9CC.cndy,59,1000,0x51C,,
hl_314_F90DC18.cndy,132,2132,0xAF4,,
hl_315_F9177AC.cndy,171,2896,0xEB4,,
hl_316_FC56794.cndy,45,608,0x350,,
hl_317_FC5AF8C.cndy,75,1520,0x774,error,
hl_318_FD58660.cndy,56,788,0x438,,
hl_319_FD5A8BC.cndy,58,808,0x458,,
hl_320_FF4E46C.cndy,59,824,0x46C,,
hl_321_FF50920.cndy,74,1052,0x59C,,
hl_322_10178368.cndy,58,1204,0x5E4,error,
hl_323_1018122C.cndy,109,1880,0x988,,
hl_324_104B9BD0.cndy,98,1512,0x7E0,error,
hl_325_104C346C.cndy,3,36,0x40,,
hl_326_107A13FC.cndy,2,24,0x30,,
hl_327_107A1514.cndy,172,2760,0xE30,error,
hl_328_10A297B0.cndy,22,288,0x19C,,
hl_329_10A2BFA0.cndy,41,612,0x340,,
hl_330_10AFD078.cndy,13,184,0x108,,
hl_331_10AFDD60.cndy,35,540,0x2D8,,
hl_332_10BC7AB8.cndy,2,24,0x30,,
hl_333_10BC7BCC.cndy,16,188,0x118,,
hl_334_10C65E10.cndy,6,56,0x64,,
hl_335_10C66DA8.cndy,53,1008,0x508,error,
hl_336_10D9C99C.cndy,22,284,0x198,,
hl_337_10D9EEDC.cndy,36,508,0x2BC,error,
hl_339_10E8A3FC.cndy,13,196,0x114,,
hl_340_10F58A90.cndy,3,28,0x38,,
hl_341_10F58F24.cndy,14,224,0x134,,
hl_342_11017B9C.cndy,2,20,0x2C,,
hl_343_11017DB8.cndy,13,204,0x11C,error,
hl_344_11104D20.cndy,2,24,0x30,,
hl_345_11104E30.cndy,13,188,0x10C,,
hl_346_11199558.cndy,3,36,0x40,,
hl_347_111998B8.cndy,13,212,0x124,error,
hl_350_112EDDEC.cndy,2,24,0x30,,
hl_351_112EDEFC.cndy,12,184,0x100,,
hl_352_1139B6D8.cndy,2,24,0x30,,
hl_353_1139B7E8.cndy,21,320,0x1B8,error,
hl_354_114699F8.cndy,9,152,0xD4,,
hl_355_1146B148.cndy,19,288,0x18C,,
hl_356_115738E4.cndy,3,32,0x3C,,
hl_357_11573DD8.cndy,13,204,0x11C,error,
hl_358_1162D840.cndy,2,24,0x30,,
hl_359_1162D958.cndy,161,2648,0xD8C,error,
hl_360_11836E5C.cndy,2,24,0x30,,
hl_361_11836F74.cndy,23,364,0x1EC,,
hl_362_118CFCC8.cndy,2,24,0x30,,
hl_363_118CFDE0.cndy,46,824,0x42C,,
hl_364_119C9928.cndy,2,24,0x30,,
hl_366_11A7B2CC.cndy,2,24,0x30,,
hl_367_11A7B3E4.cndy,116,2276,0xB34,,
hl_368_11BC2128.cndy,2,24,0x30,,
hl_369_11BC2240.cndy,48,740,0x3E0,,
hl_370_11D6E290.cndy,2,24,0x30,,
hl_371_11D6E3A8.cndy,25,436,0x240,,
hl_372_11F8EC6C.cndy,2,24,0x30,,
hl_374_12021BEC.cndy,2,24,0x30,,
hl_375_12021D04.cndy,97,1360,0x744,error,
hl_376_1217C45C.cndy,2,24,0x30,,
hl_377_1217C574.cndy,233,4036,0x1460,error,
hl_378_1245EB3C.cndy,2,24,0x30,,
hl_379_1245EC54.cndy,33,696,0x36C,error,
hl_380_1259DD80.cndy,2,24,0x30,,
hl_381_1259DE98.cndy,147,2948,0xE70,,
hl_382_127126D4.cndy,2,24,0x30,,
hl_383_127127EC.cndy,194,2816,0xED8,error,
hl_384_12930110.cndy,2,24,0x30,,
hl_386_12A36368.cndy,2,24,0x30,,
hl_387_12A36480.cndy,25,324,0x1D0,error,
hl_388_12A9DB04.cndy,2,24,0x30,,
hl_389_12A9DC1C.cndy,164,3056,0xF30,error,
hl_390_12B91144.cndy,2,24,0x30,,
hl_391_12B9125C.cndy,156,2988,0xEC4,error,
hl_392_12C96680.cndy,2,24,0x30,,
hl_393_12C96798.cndy,23,448,0x240,,
hl_394_12D67CDC.cndy,2,24,0x30,,
hl_395_12D67DF4.cndy,6,80,0x7C,error,
hl_396_12E7FB30.cndy,2,24,0x30,,
hl_397_12E7FC48.cndy,6,80,0x7C,,
hl_398_12F70BE4.cndy,2,24,0x30,,
hl_399_12F70CFC.cndy,43,760,0x3DC,error,
hl_400_12FF6CF4.cndy,2,24,0x30,,
hl_401_12FF6E0C.cndy,10,188,0xFC,,
hl_402_13100580.cndy,2,24,0x30,,
hl_403_13100698.cndy,6,80,0x7C,error,
hl_404_131A2680.cndy,2,24,0x30,,
hl_405_131A2798.cndy,22,300,0x1A8,error,
hl_406_1327979C.cndy,2,24,0x30,,
hl_408_133259AC.cndy,2,24,0x30,,
hl_410_13385704.cndy,2,24,0x30,,
hl_411_1338581C.cndy,93,1688,0x878,error,
hl_412_13458208.cndy,2,24,0x30,,
hl_413_13458320.cndy,54,992,0x4FC,,
hl_414_13582EFC.cndy,2,24,0x30,,
hl_415_13583014.cndy,136,2248,0xB7C,error,
hl_416_137864A0.cndy,2,24,0x30,,
hl_417_137865B8.cndy,112,1936,0x9CC,,
hl_418_139AB368.cndy,2,24,0x30,,
hl_419_139AB480.cndy,39,728,0x3A8,,
hl_420_13A96DB8.cndy,2,24,0x30,,
hl_422_13B6C1AC.cndy,2,24,0x30,,
hl_424_13C4C0DC.cndy,2,24,0x30,,
hl_425_13C4C1F4.cndy,20,368,0x1E0,,
hl_426_13CEF2EC.cndy,2,24,0x30,,
hl_427_13CEF404.cndy,54,1040,0x52C,,
hl_428_13E3A660.cndy,2,24,0x30,,
hl_429_13E3A778.cndy,4,64,0x60,,
hl_430_13F93C00.cndy,2,24,0x30,,
hl_431_13F93D18.cndy,15,304,0x188,,
hl_432_1403D970.cndy,2,24,0x30,,
hl_434_140EDA64.cndy,2,24,0x30,,
hl_435_140EDB7C.cndy,4,56,0x58,,
hl_437_1414BB78.cndy,19,276,0x180,error,
hl_439_142F65D0.cndy,28,372,0x20C,error,
hl_443_1455C4C8.cndy,1,8,0x1C,,
hl_445_14667BE0.cndy,3,32,0x3C,,
hl_447_1475B384.cndy,3,32,0x3C,,
hl_449_1486DEB8.cndy,17,224,0x144,error,
hl_451_149B5B94.cndy,2,24,0x30,,
hl_453_14ABA6E0.cndy,40,640,0x354,,
hl_455_14C4EB4C.cndy,9,152,0xD4,,
hl_456_14DBD054.cndy,2,24,0x30,,
hl_457_14DBD16C.cndy,10,200,0x108,,
hl_458_14E869E4.cndy,2,24,0x30,,
hl_463_1502E184.cndy,24,324,0x1C8,,
hl_464_151B17A4.cndy,2,24,0x30,,
hl_465_151B18BC.cndy,23,348,0x1DC,,
hl_466_1524BE48.cndy,2,24,0x30,,
hl_467_1524BF60.cndy,59,1172,0x5C8,,
hl_468_1551AE00.cndy,3,56,0x54,,
hl_470_1580095C.cndy,44,660,0x37C,,
hl_471_158023D0.cndy,46,684,0x3A0,,
hl_472_15AE8A3C.cndy,44,660,0x37C,,
hl_473_15AEA4A8.cndy,46,684,0x3A0,,
hl_474_15DD6588.cndy,44,660,0x37C,,
hl_475_15DD8028.cndy,46,684,0x3A0,,
hl_476_160BFF30.cndy,44,660,0x37C,,
hl_477_160C19E4.cndy,46,684,0x3A0,,
hl_478_163B02CC.cndy,44,660,0x37C,,
hl_479_163B1D9C.cndy,46,684,0x3A0,,
hl_480_166A4F60.cndy,33,452,0x278,,
hl_482_1677EEE0.cndy,2,36,0x3C,,
hl_483_1677F46C.cndy,3,36,0x40,,
hl_484_168C2EFC.cndy,110,1656,0x8AC,,
hl_485_168C737C.cndy,3,36,0x40,,
hl_486_16B5B614.cndy,108,1620,0x87C,,
hl_487_16B5F944.cndy,3,36,0x40,,
hl_488_16D8CA24.cndy,95,1428,0x77C,,
hl_489_16D90238.cndy,3,36,0x40,,
hl_490_16EEC6AC.cndy,95,1428,0x77C,,
hl_491_16EEFED4.cndy,3,36,0x40,,
hl_492_1705FBC0.cndy,96,1444,0x790,,
hl_493_170634B0.cndy,3,36,0x40,,
hl_494_171D85D8.cndy,103,1520,0x800,,
hl_495_171DC34C.cndy,3,36,0x40,,
hl_496_17368144.cndy,105,1556,0x830,,
hl_497_1736C198.cndy,3,36,0x40,,
hl_498_174BD3B8.cndy,19,368,0x1DC,,
hl_499_174BF928.cndy,3,36,0x40,,
hl_501_1775D5DC.cndy,3,36,0x40,,
hl_503_17791484.cndy,3,36,0x40,,
hl_504_178BD96C.cndy,2,24,0x30,,
hl_505_178BDA84.cndy,33,488,0x29C,,
hl_506_17AD610C.cndy,2,24,0x30,,
hl_507_17AD6224.cndy,33,488,0x29C,,
hl_508_17D052C8.cndy,2,24,0x30,,
hl_509_17D053E0.cndy,130,2320,0xBA8,error,
hl_510_17F7BA1C.cndy,18,284,0x184,,
hl_511_17F7D9B8.cndy,3,36,0x40,,
hl_512_18113260.cndy,2,24,0x30,,
hl_513_18113378.cndy,56,888,0x49C,error,
hl_514_181E4554.cndy,38,700,0xB78,error,
hl_515_181E7250.cndy,3,36,0x40,,
hl_516_18433430.cndy,2,24,0x30,,
hl_517_18433548.cndy,8,104,0x9C,,
hl_518_184F841C.cndy,2,24,0x30,,
hl_519_184F8534.cndy,70,1288,0x674,error,
hl_520_186FD47C.cndy,2,24,0x30,,
hl_521_186FD594.cndy,36,720,0x390,,
hl_522_1873F74C.cndy,2,24,0x30,,
hl_523_1873F864.cndy,36,720,0x390,,
hl_524_187777C0.cndy,2,24,0x30,,
hl_525_187778D8.cndy,7,172,0xDC,,
hl_526_1889A2BC.cndy,2,24,0x30,,
hl_527_1889A3D4.cndy,6,116,0xA0,,
hl_528_18AC5D98.cndy,2,24,0x30,,
hl_529_18AC5EB0.cndy,7,180,0xE4,,
hl_531_18C96518.cndy,3,36,0x40,,
hl_532_18EC7F8C.cndy,26,512,0x290,error,
hl_533_18ECB798.cndy,3,36,0x40,,
hl_534_19033C48.cndy,3,72,0x64,,
hl_535_190340A8.cndy,3,36,0x40,,
hl_536_19203C38.cndy,2,32,0x38,,
hl_537_19203E78.cndy,3,36,0x40,,
hl_538_193FD7DC.cndy,43,640,0x364,,
hl_539_194002B8.cndy,45,620,0x35C,,
hl_541_194E7740.cndy,106,1912,0x998,,
hl_544_195CDB5C.cndy,4,40,0x48,,
hl_545_195CDD70.cndy,4,40,0x48,,
hl_546_1967010C.cndy,8,88,0x8C,,
hl_547_196702C8.cndy,15,144,0xE8,,
hl_548_19711D78.cndy,2,24,0x30,,
hl_549_19711E3C.cndy,29,372,0x214,,
hl_550_19A0C630.cndy,2,24,0x30,,
hl_552_19AA1230.cndy,7,72,0x78,,
hl_553_19AA1818.cndy,3,36,0x40,,
hl_554_19B3036C.cndy,7,76,0x7C,,
hl_555_19B30EA0.cndy,3,36,0x40,,
hl_557_19BEBF70.cndy,50,724,0x3DC,,
hl_559_19F29AD8.cndy,26,380,0x20C,,
hl_560_1A14F054.cndy,2,24,0x30,,
hl_561_1A14F11C.cndy,3,36,0x40,,
hl_563_1A1DDBB4.cndy,3,36,0x40,,
hl_564_1A26C5A8.cndy,38,532,0x2E0,,
hl_565_1A26DCC0.cndy,38,532,0x2E0,,
hl_566_1A3941FC.cndy,29,428,0x24C,,
hl_567_1A3951A0.cndy,29,428,0x24C,,
hl_568_1A48F610.cndy,42,604,0x33C,,
hl_569_1A491108.cndy,42,604,0x33C,,
hl_570_1A5B0A7C.cndy,40,548,0x2F8,,
hl_571_1A5B2490.cndy,40,548,0x2F8,,
hl_572_1A6A2698.cndy,32,460,0x278,,
hl_573_1A6A3AF8.cndy,32,460,0x278,,
hl_574_1A785F18.cndy,57,840,0x474,,
hl_575_1A7889B0.cndy,57,840,0x474,,
hl_576_1A8B5870.cndy,21,308,0x1AC,,
hl_577_1A8B6560.cndy,21,308,0x1AC,,
hl_578_1A9ABFE0.cndy,33,440,0x26C,,
hl_579_1A9ADA14.cndy,33,440,0x26C,,
hl_580_1AB07770.cndy,31,404,0x23C,,
hl_581_1AB08A2C.cndy,31,404,0x23C,,
hl_582_1ACE9F14.cndy,26,432,0x240,,
hl_583_1ACEAF24.cndy,26,432,0x240,,
hl_584_1AE1D160.cndy,40,496,0x2C4,error,
hl_585_1AE1E628.cndy,33,452,0x278,,
hl_586_1AEE44A8.cndy,12,196,0x10C,,
hl_587_1AEE507C.cndy,28,408,0x230,error,
hl_588_1AF8547C.cndy,4,44,0x4C,,
hl_589_1AF859F0.cndy,9,108,0xA8,,
hl_590_1B1871E8.cndy,27,408,0x22C,,
hl_591_1B1888E0.cndy,22,268,0x188,,
hl_592_1B2358D0.cndy,21,312,0x1B0,,
hl_593_1B2371E0.cndy,19,292,0x190,,
hl_594_1B2DD3E4.cndy,12,164,0xEC,,
hl_595_1B2DDD98.cndy,4,68,0x64,,
hl_596_1B3C4228.cndy,19,208,0x13C,,
hl_597_1B3C57C8.cndy,13,208,0x120,,
hl_599_1B4D31E4.cndy,3,36,0x40,,
hl_601_1B4F13D8.cndy,4,36,0x44,,
hl_608_1B5C03CC.cndy,2,16,0x28,,
hl_609_1B5C0814.cndy,2,16,0x28,,
hl_610_1B681464.cndy,2,16,0x28,,
hl_611_1B6818AC.cndy,2,16,0x28,,
hl_612_1B7701FC.cndy,2,16,0x28,,
hl_613_1B77062C.cndy,2,16,0x28,,
hl_614_1B8377B4.cndy,2,16,0x28,,
hl_615_1B837BEC.cndy,2,16,0x28,,
hl_616_1B8F8F70.cndy,2,16,0x28,,
hl_617_1B8F93C4.cndy,2,16,0x28,,
hl_618_1B9F7034.cndy,2,16,0x28,,
hl_619_1B9F7484.cndy,2,16,0x28,,
hl_620_1BB13EA0.cndy,2,16,0x28,,
hl_621_1BB142EC.cndy,2,16,0x28,,
hl_622_1BC08894.cndy,2,16,0x28,,
hl_623_1BC08CD4.cndy,2,16,0x28,,
hl_624_1BCCA674.cndy,2,16,0x28,,
hl_625_1BCCAAB4.cndy,2,16,0x28,,
hl_626_1BDC79B0.cndy,2,16,0x28,,
hl_627_1BDC7DFC.cndy,2,16,0x28,,
hl_628_1C02F4F4.cndy,2,16,0x28,,
hl_629_1C02F91C.cndy,2,16,0x28,,
hl_630_1C1802CC.cndy,2,16,0x28,,
hl_631_1C1806EC.cndy,2,16,0x28,,
hl_632_1C21146C.cndy,22,260,0x180,,
hl_633_1C21364C.cndy,3,36,0x40,,
hl_634_1C28C830.cndy,15,204,0x124,,
hl_635_1C28D124.cndy,3,36,0x40,,
hl_636_1C362F64.cndy,5,32,0x48,,
hl_637_1C3633A0.cndy,3,36,0x40,,
hl_639_1C397078.cndy,15,128,0xD8,,
hl_641_1C407A74.cndy,9,112,0xAC,,
hl_643_1C43BBA8.cndy,21,324,0x1BC,,
hl_644_1C471364.cndy,6,68,0x70,,
hl_645_1C471900.cndy,9,104,0xA4,error,
hl_648_1C70B6A0.cndy,2,24,0x30,,
hl_649_1C70B7B8.cndy,3,36,0x40,,
hl_650_1C84922C.cndy,2,24,0x30,,
hl_651_1C849344.cndy,3,36,0x40,,
hl_652_1E03D864.cndy,1585,26464,0x8664,error,
hl_653_1E06B01C.cndy,1889,31124,0x9E88,error,
